Workbook

Sheet PARAMETER
A1: PARAMETER PUSAT (SUMBER SEMUA ANGKA)
A2: Semua sheet lain menarik nilai dari sel kuning di sini. Ubah di sini → seluruh workbook ikut berubah.
A4: Inilah satu-satunya tempat mengubah parameter utama. Sel kuning = boleh diubah.
B6: k — konstanta penghalus RRF | C6: 60 | D6: dipakai sheet 2.1, 2.2, 4.1, 4.2
B7: w0 — bobot pertanyaan asli | C7: 4 | D7: dipakai sheet 2.2, 4.1, 4.2
B8: w1 — bobot variasi 1 | C8: 1 | D8: dipakai sheet 2.2, 4.1, 4.2
B9: w2 — bobot variasi 2 | C9: 1 | D9: dipakai sheet 2.2, 4.1, 4.2
B10: n — jumlah daftar digabung | C10: 3 | D10: dipakai sheet 4.1
B11: TOP_N_RESULTS — dokumen konteks final | C11: 5 | D11: dipakai sheet 4.3, 4.7, 4.8
B12: RERANK_SCORE_THRESHOLD | C12: 0.4 | D12: dipakai sheet 4.3
B13: N — jumlah pertanyaan uji | C13: 10 | D13: dipakai sheet 4.9
B14: R — jumlah pengulangan (run) | C14: 3 | D14: dipakai sheet 4.10
B15: N_var — pertanyaan tiruan (answer relevancy) | C15: 3 | D15: dipakai sheet 4.6
B16: Jumlah skenario Black Box | C16: 17 | D16: dipakai sheet 4.4

Sheet PETUNJUK
A1: PETUNJUK & PETA ALIRAN DATA
A2: Simulasi perhitungan rumus RAG RRF — Iqbal Ali Ar-Ridho (2022150078)
A4: Tiap rumus punya satu sheet. Sheet-sheet SALING TERHUBUNG: keluaran satu sheet menjadi masukan sheet berikutnya. Ubah angka di sheet PARAMETER atau di sel kuning, maka seluruh rantai ikut terhitung ulang.
A6: Warna sel
B7: Kuning = input manual (boleh diubah)
B8: Biru = nilai DITARIK dari sheet lain (jangan diketik ulang)
B9: Oranye = hasil akhir perhitungan
B10: Hijau = kotak rumus
A12: Peta aliran (dari ujung ke ujung)
B13: PARAMETER (k, bobot, ambang, N, R) → menyuplai SEMUA sheet
B14: │
B15: ALUR A — RETRIEVAL & PERINGKAT:
B16: 2.1 RRF Dasar → 2.2 RRF Berbobot → 4.1 RRF Implementasi (Tabel 4.7→4.8)
B17: 4.1 → 4.2 Normalisasi (menarik skor mentah & skor maks dari 4.1)
B18: 4.1 → 4.3 Sigmoid Rerank (12 kandidat → TOP-5 konteks final)
B19: │
B20: ALUR B — KUALITAS KONTEKS:
B21: 4.3 (v_k TOP-5) → 4.7 Precision per-k → 4.8 Context Precision (= 0,8333)
B22: │
B23: ALUR C — KUALITAS JAWABAN:
B24: 4.5 Faithfulness (=0,8182) 4.6 Answer Relevancy (=0,8439)
... B33: Cara demonstrasi ke dosen: buka sheet yang ditanya → tunjuk kotak hijau (rumus) → ubah satu sel kuning → tunjuk sel oranye yang berubah, lalu buka sheet berikutnya untuk menunjukkan perubahan ikut mengalir.

Sheet 2.1 RRF Dasar
A1: PERSAMAAN (2.1) — RRF DASAR (Cormack dkk., 2009)
A2: Peringkat r mulai 1. Konstanta k ditarik dari sheet PARAMETER.
A5: Konstanta (terhubung ke PARAMETER)
B6: k | C6: =PARAMETER!$C$6 -> 60 | D6: ← ditarik dari PARAMETER
A8: INPUT — peringkat dokumen d pada tiap daftar (kosongkan bila tak muncul)
B9: Daftar ke- | C9: Peringkat r(d) | D9: Kontribusi 1/(k+r)
B10: Daftar 1 | C10: 1 | D10: =IF(ISNUMBER(C10),1/($C$6+C10),0) -> 0.016393443
B11: Daftar 2 | C11: 2 | D11: =IF(ISNUMBER(C11),1/($C$6+C11),0) -> 0.016129032
B12: Daftar 3 | C12: 3 | D12: =IF(ISNUMBER(C12),1/($C$6+C12),0) -> 0.015873016
B13: RRFscore(d) = | D13: =SUM(D10:D12) -> 0.048395491
B15: Peringkat teratas (r=1) → 1/(k+1)=1/61≈0,016393. Rumus ini adalah dasar teori bagi sheet 4.1.

Sheet 2.2 RRF Berbobot
A1: PERSAMAAN (2.2) — RRF BERBOBOT
A2: Bobot wi membedakan tiap daftar. k & bobot ditarik dari PARAMETER.
A5: Konstanta & bobot (terhubung ke PARAMETER)
B6: k | C6: =PARAMETER!$C$6 -> 60 | D6: ← PARAMETER
A8: INPUT — peringkat ri(d) pada tiap daftar (bobot mengikuti PARAMETER)
B9: Daftar ke-i | C9: Bobot wi | D9: Peringkat ri(d) | E9: Kontribusi wi/(k+ri)
B10: Daftar 1 (asli) | C10: =PARAMETER!$C$7 -> 4 | D10: 1 | E10: =IF(ISNUMBER(D10),C10*1/($C$6+D10),0) -> 0.06557377
B11: Daftar 2 (variasi) | C11: =PARAMETER!$C$8 -> 1 | D11: 2 | E11: =IF(ISNUMBER(D11),C11*1/($C$6+D11),0) -> 0.016129032
B12: Daftar 3 (variasi) | C12: =PARAMETER!$C$9 -> 1 | D12: 2 | E12: =IF(ISNUMBER(D12),C12*1/($C$6+D12),0) -> 0.016129032
B13: RRFw(d) = | E13: =SUM(E10:E12) -> 0.097831835

Sheet 4.1 RRF Implementasi
A1: PERSAMAAN (4.1) — SKOR RRF IMPLEMENTASI (BERBOBOT + KONSTANTA 1)
A2: Peringkat r mulai 0 → penyebut k+ri+1. Parameter ditarik dari PARAMETER.
A5: Parameter (terhubung ke PARAMETER)
B6: k | C6: =PARAMETER!$C$6 -> 60 | E6: Skor maks teoretis = (w0+w1+w2)·1/(k+1) | I6: =(C7+C8+C9)*1/(C6+1) -> 0.098360656
B7: w0 | C7: =PARAMETER!$C$7 -> 4 | E7: (skor maks dipakai sheet 4.2)
B8: w1 | C8: =PARAMETER!$C$8 -> 1
B9: w2 | C9: =PARAMETER!$C$9 -> 1
A11: SIMULASI Tabel 4.7→4.8 — isi peringkat r; kosongkan bila dokumen tak muncul
A12: Dokumen | B12: r Q0 | C12: r Q1 | D12: r Q2 | E12: Kontrib. Q0 | F12: Kontrib. Q1 | G12: Kontrib. Q2 | H12: Skor mentah | I12: Ternormalisasi | J12: Peringkat
A13: D-A: Syarat Pendaftaran SPMB | B13: 0 | C13: 1 | D13: 1 | E13: =IF(ISNUMBER(B13),$C$7*1/($C$6+B13+1),0) -> 0.06557377 | F13: =IF(ISNUMBER(C13),$C$8*1/($C$6+C13+1),0) -> 0.016129032 | G13: =IF(ISNUMBER(D13),$C$9*1/($C$6+D13+1),0) -> 0.016129032 | H13: =SUM(E13:G13) -> 0.097831835 | I13: =MIN(H13/$I$6,1) -> 0.99462366 | J13: =RANK(H13,$H$13:$H$19) -> 1
A14: D-B: Daftar Dokumen Pendaftaran | B14: 1 | C14: 0 | D14: 2 | E14: =IF(ISNUMBER(B14),$C$7*1/($C$6+B14+1),0) -> 0.064516129 | F14: =IF(ISNUMBER(C14),$C$8*1/($C$6+C14+1),0) -> 0.016393443 | G14: =IF(ISNUMBER(D14),$C$9*1/($C$6+D14+1),0) -> 0.015873016 | H14: =SUM(E14:G14) -> 0.096782588 | I14: =MIN(H14/$I$6,1) -> 0.98395631 | J14: =RANK(H14,$H$13:$H$19) -> 2
A15: D-D: Jadwal Pendaftaran SPMB | B15: 2 | C15: 2 | D15: 4 | E15: =IF(ISNUMBER(B15),$C$7*1/($C$6+B15+1),0) -> 0.063492063 | F15: =IF(ISNUMBER(C15),$C$8*1/($C$6+C15+1),0) -> 0.015873016 | G15: =IF(ISNUMBER(D15),$C$9*1/($C$6+D15+1),0) -> 0.015384615 | H15: =SUM(E15:G15) -> 0.094749695 | I15: =MIN(H15/$I$6,1) -> 0.96328856 | J15: =RANK(H15,$H$13:$H$19) -> 3
A16: D-C: Profil SMK Muhammadiyah | B16: 4 | D16: 0 | E16: =IF(ISNUMBER(B16),$C$7*1/($C$6+B16+1),0) -> 0.061538462 | F16: =IF(ISNUMBER(C16),$C$8*1/($C$6+C16+1),0) -> 0 | G16: =IF(ISNUMBER(D16),$C$9*1/($C$6+D16+1),0) -> 0.016393443 | H16: =SUM(E16:G16) -> 0.077931904 | I16: =MIN(H16/$I$6,1) -> 0.79230769 | J16: =RANK(H16,$H$13:$H$19) -> 4
A17: D-E: Biaya Pendaftaran | B17: 5 | C17: 4 | E17: =IF(ISNUMBER(B17),$C$7*1/($C$6+B17+1),0) -> 0.060606061 | F17: =IF(ISNUMBER(C17),$C$8*1/($C$6+C17+1),0) -> 0.015384615 | G17: =IF(ISNUMBER(D17),$C$9*1/($C$6+D17+1),0) -> 0 | H17: =SUM(E17:G17) -> 0.075990676 | I17: =MIN(H17/$I$6,1) -> 0.77257187 | J17: =RANK(H17,$H$13:$H$19) -> 5
A18: D-F: FAQ Pendaftaran | C18: 3 | E18: =IF(ISNUMBER(B18),$C$7*1/($C$6+B18+1),0) -> 0 | F18: =IF(ISNUMBER(C18),$C$8*1/($C$6+C18+1),0) -> 0.015625 | G18: =IF(ISNUMBER(D18),$C$9*1/($C$6+D18+1),0) -> 0 | H18: =SUM(E18:G18) -> 0.015625 | I18: =MIN(H18/$I$6,1) -> 0.15885417 | J18: =RANK(H18,$H$13:$H$19) -> 6
A19: D-G: Sambutan Kepala Sekolah | D19: 3 | E19: =IF(ISNUMBER(B19),$C$7*1/($C$6+B19+1),0) -> 0 | F19: =IF(ISNUMBER(C19),$C$8*1/($C$6+C19+1),0) -> 0 | G19: =IF(ISNUMBER(D19),$C$9*1/($C$6+D19+1),0) -> 0.015625 | H19: =SUM(E19:G19) -> 0.015625 | I19: =MIN(H19/$I$6,1) -> 0.15885417 | J19: =RANK(H19,$H$13:$H$19) -> 6
B21: Keluaran sheet ini (skor mentah D-A = H13, skor maks = I6) ditarik oleh sheet 4.2. Kolom skor mentah sudah cocok dengan Tabel 4.8 v2 (D-A 0,09783; D-B 0,09678; D-D 0,09475; dst.).

Sheet 4.2 Normalisasi
A1: PERSAMAAN (4.2) — NORMALISASI SKOR RRF
A2: Skor mentah & skor maks DITARIK dari sheet 4.1. Bobot dari PARAMETER.
A5: Nilai terhubung
B6: Skor RRF mentah D-A (dari sheet 4.1) | C6: ='4.1 RRF Implementasi'!$H$13 -> 0.097831835
B7: Skor maksimum teoretis (dari sheet 4.1) | C7: ='4.1 RRF Implementasi'!$I$6 -> 0.098360656
A9: PERHITUNGAN
B10: scoreRRF-norm = min( mentah / maks , 1 ) | F10: =MIN(C6/C7,1) -> 0.99462366
B12: Contoh: 0,09783 / 0,09836 = 0,9946 (cocok Tabel 4.8). Ganti dokumen di sheet 4.1 → nilai di sini ikut berubah.

Sheet 4.3 Sigmoid Rerank
A1: PERSAMAAN (4.3) — SIGMOID (CROSS-ENCODER RERANKING)
A2: Logit → (0,1). Ambang & TOP_N dari PARAMETER. Keluaran v_k → sheet 4.7 & 4.8.
A5: Ambang (terhubung ke PARAMETER)
B6: RERANK_SCORE_THRESHOLD | C6: =PARAMETER!$C$12 -> 0.4
A8: A. Demonstrasi konversi logit → sigmoid (ubah logit untuk simulasi)
B9: Logit s | C9: σ(s)=1/(1+e^−s) | D9: Lolos ambang?
B10: 3 | C10: =1/(1+EXP(-B10)) -> 0.95257413 | D10: =IF(C10>=$C$6,"Ya","Tidak") -> Ya
B11: 1.5 | C11: =1/(1+EXP(-B11)) -> 0.81757448 | D11: =IF(C11>=$C$6,"Ya","Tidak") -> Ya
B12: 0 | C12: =1/(1+EXP(-B12)) -> 0.5 | D12: =IF(C12>=$C$6,"Ya","Tidak") -> Ya
B13: -0.5 | C13: =1/(1+EXP(-B13)) -> 0.37754067 | D13: =IF(C13>=$C$6,"Ya","Tidak") -> Tidak
B14: -2 | C14: =1/(1+EXP(-B14)) -> 0.11920292 | D14: =IF(C14>=$C$6,"Ya","Tidak") -> Tidak
A16: B. Konteks final TOP-5 untuk pertanyaan contoh (Q3) — indikator v_k mengalir ke sheet 4.7/4.8
B17: Peringkat k | C17: Dokumen | D17: Logit | E17: σ(s) | F17: v_k (relevan thd acuan)
B18: 1 | C18: Dok-1 (kompetensi keahlian) | D18: 2.4 | E18: =1/(1+EXP(-D18)) -> 0.9168273 | F18: 1
B19: 2 | C19: Dok-2 (profil sekolah) | D19: 1.1 | E19: =1/(1+EXP(-D19)) -> 0.75026011 | F19: 0
B20: 3 | C20: Dok-3 (daftar jurusan TKJ/TSM) | D20: 0.85 | E20: =1/(1+EXP(-D20)) -> 0.70056714 | F20: 1
B21: 4 | C21: Dok-4 (sambutan kepsek) | D21: 0.3 | E21: =1/(1+EXP(-D21)) -> 0.57444252 | F21: 0
B22: 5 | C22: Dok-5 (visi-misi) | D22: 0.1 | E22: =1/(1+EXP(-D22)) -> 0.52497919 | F22: 0
B23: Kolom v_k (=1 relevan, =0 tidak) menghasilkan pola (1,0,1,0,0) → dibaca sheet 4.7 untuk menghitung Precision per-k.

Sheet 4.5 Faithfulness
A1: PERSAMAAN (4.5) — FAITHFULNESS
A2: Rasio klaim yang didukung konteks. Keluaran → sheet 4.9 (Pertanyaan ke-6).
A5: INPUT — jumlah klaim (contoh: Pertanyaan ke-6)
B6: C(didukung) — klaim yang dapat ditelusuri ke konteks | C6: 9
B7: C(total) — jumlah seluruh klaim pada jawaban | C7: 11
A9: PERHITUNGAN
B10: Faithfulness = C(didukung) / C(total) | F10: =C6/C7 -> 0.81818182
B12: 9/11 = 0,8182 (cocok naskah). Nilai ini dipakai sheet 4.9 sebagai skor faithfulness Pertanyaan ke-6.

Sheet 4.6 Answer Relevancy
A1: PERSAMAAN (4.6) — ANSWER RELEVANCY
A2: Rata-rata cosine similarity pertanyaan tiruan vs asli. Keluaran → sheet 4.9 (Pertanyaan ke-3).
A5: Konstanta
B6: N — jumlah pertanyaan tiruan (dari PARAMETER) | C6: =PARAMETER!$C$15 -> 3
A8: INPUT — cosine similarity tiap pertanyaan tiruan (contoh: Pertanyaan ke-3)
B9: Pertanyaan tiruan ke-i | C9: cos(E(gi),E(o))
B10: 1 | C10: 0.8612
B11: 2 | C11: 0.8455
B12: 3 | C12: 0.825
B14: Answer Relevancy = rata-rata cosine | C14: =AVERAGE(C10:C12) -> 0.8439
B16: (0,8612+0,8455+0,8250)/3 = 0,8439. Dipakai sheet 4.9 sebagai answer relevancy Pertanyaan ke-3.

Sheet 4.7 Precision per-k
A1: PERSAMAAN (4.7) — PRECISION PADA PERINGKAT k
A2: Indikator v_k DITARIK dari sheet 4.3. Hasil Precision_k → dibaca sheet 4.8.
A5: PERHITUNGAN — v_k mengalir dari konteks TOP-5 (sheet 4.3)
B6: Peringkat k | C6: v_k (dari 4.3) | D6: TP(k) kumulatif | E6: Precision(k)=TP/k
B7: 1 | C7: ='4.3 Sigmoid Rerank'!$F$18 -> 1 | D7: =C7 -> 1 | E7: =D7/B7 -> 1
B8: 2 | C8: ='4.3 Sigmoid Rerank'!$F$19 -> 0 | D8: =D7+C8 -> 1 | E8: =D8/B8 -> 0.5
B9: 3 | C9: ='4.3 Sigmoid Rerank'!$F$20 -> 1 | D9: =D8+C9 -> 2 | E9: =D9/B9 -> 0.66666667
B10: 4 | C10: ='4.3 Sigmoid Rerank'!$F$21 -> 0 | D10: =D9+C10 -> 2 | E10: =D10/B10 -> 0.5
B11: 5 | C11: ='4.3 Sigmoid Rerank'!$F$22 -> 0 | D11: =D10+C11 -> 2 | E11: =D11/B11 -> 0.4
B13: Precision(k) hanya dihitung kumulatif; kontribusinya ke skor akhir disaring oleh v_k pada sheet 4.8.

Sheet 4.8 Context Precision
A1: PERSAMAAN (4.8) — CONTEXT PRECISION
A2: Precision_k & v_k DITARIK dari sheet 4.7. Keluaran CP → sheet 4.9 (Pertanyaan ke-3).
A5: PERHITUNGAN — nilai ditarik dari sheet 4.7
B6: Peringkat k | C6: Precision(k) | D6: v_k | E6: Precision(k)·v_k
B7: 1 | C7: ='4.7 Precision per-k'!$E$7 -> 1 | D7: ='4.7 Precision per-k'!$C$7 -> 1 | E7: =C7*D7 -> 1
B8: 2 | C8: ='4.7 Precision per-k'!$E$8 -> 0.5 | D8: ='4.7 Precision per-k'!$C$8 -> 0 | E8: =C8*D8 -> 0
B9: 3 | C9: ='4.7 Precision per-k'!$E$9 -> 0.66666667 | D9: ='4.7 Precision per-k'!$C$9 -> 1 | E9: =C9*D9 -> 0.66666667
B10: 4 | C10: ='4.7 Precision per-k'!$E$10 -> 0.5 | D10: ='4.7 Precision per-k'!$C$10 -> 0 | E10: =C10*D10 -> 0
B11: 5 | C11: ='4.7 Precision per-k'!$E$11 -> 0.4 | D11: ='4.7 Precision per-k'!$C$11 -> 0 | E11: =C11*D11 -> 0
B12: Pembilang Σ(Precision·v_k) | E12: =SUM(E7:E11) -> 1.6666667
B13: Penyebut Σ v_k (jumlah dokumen relevan) | E13: =SUM(D7:D11) -> 2
B14: Context Precision = pembilang / penyebut | E14: =E12/E13 -> 0.83333333
B16: 1,6667 / 2 = 0,8333. Dipakai sheet 4.9 sebagai context precision Pertanyaan ke-3.

Sheet 4.9 Rata-rata per Run
A1: PERSAMAAN (4.9) — RATA-RATA METRIK PER RUN
A2: Skor per pertanyaan (run ke-3). Q6 faith, Q3 AR & CP DITARIK dari sheet 4.5/4.6/4.8.
B5: N (dari PARAMETER) | C5: =PARAMETER!$C$13 -> 10
A7: Skor 10 pertanyaan uji (run ke-3). Sel biru = ditarik dari sheet metrik.
B8: Pertanyaan | C8: Faithfulness | D8: Answer Relevancy | E8: Context Precision
B9: Q1 | C9: 1 | D9: 0.7088 | E9: 1
B10: Q2 | C10: 1 | D10: 0.9461 | E10: 0
B11: Q3 | C11: 1 | D11: ='4.6 Answer Relevancy'!$C$14 -> 0.8439 | E11: ='4.8 Context Precision'!$E$14 -> 0.83333333
B12: Q4 | C12: 1 | D12: 0.9987 | E12: 1
B13: Q5 | C13: 1 | D13: 0.9341 | E13: 0.5
B14: Q6 | C14: ='4.5 Faithfulness'!$F$10 -> 0.81818182 | D14: 0.9985 | E14: 1
B15: Q7 | C15: 1 | D15: 0.9331 | E15: 1
B16: Q8 | C16: 1 | D16: 0.7988 | E16: 1
B17: Q9 | C17: 1 | D17: 0.9957 | E17: 1
B18: Q10 | C18: 1 | D18: 0.9887 | E18: 1
B19: Rata-rata (run 3) | C19: =AVERAGE(C9:C18) -> 0.98181818 | D19: =AVERAGE(D9:D18) -> 0.91464 | E19: =AVERAGE(E9:E18) -> 0.83333333
B21: Hasil run 3: faithfulness 0,9818 · answer relevancy 0,9146 · context precision 0,8333. Ketiganya mengalir ke sheet 4.10.

Sheet 4.10 Skor Akhir
A1: PERSAMAAN (4.10) — SKOR AKHIR (RATA-RATA ANTAR RUN)
A2: Run ke-3 DITARIK dari sheet 4.9; run 1 & 2 input. Keluaran → sheet Persentase.
B5: R (dari PARAMETER) | C5: =PARAMETER!$C$14 -> 3
A7: Skor tiap run. Run 3 ditarik dari sheet 4.9; run 1 & 2 sebagai input.
B8: Metrik | C8: Run 1 | D8: Run 2 | E8: Run 3 (dari 4.9) | F8: Skor akhir
B9: Faithfulness | C9: 0.98 | D9: 0.9818 | E9: ='4.9 Rata-rata per Run'!$C$19 -> 0.98181818 | F9: =AVERAGE(C9:E9) -> 0.98120606
B10: Answer Relevancy | C10: 0.915 | D10: 0.9142 | E10: ='4.9 Rata-rata per Run'!$D$19 -> 0.91464 | F10: =AVERAGE(C10:E10) -> 0.91461333
B11: Context Precision | C11: 0.7806 | D11: 0.7833 | E11: ='4.9 Rata-rata per Run'!$E$19 -> 0.83333333 | F11: =AVERAGE(C11:E11) -> 0.79907778
B13: Skor akhir Enhanced: faithfulness 0,9812 · answer relevancy 0,9146 · context precision 0,7991 (cocok Tabel 4.15).

Sheet Persentase Peningkatan
A1: PERSENTASE PENINGKATAN (TURUNAN)
A2: Nilai Enhanced DITARIK dari sheet 4.10. Baseline sebagai input.
A5: Perbandingan (Tabel 4.15)
B6: Metrik | C6: Baseline | D6: Enhanced (dari 4.10) | E6: Selisih | F6: Δ (%)
B7: Answer Relevancy | C7: 0.8137 | D7: ='4.10 Skor Akhir'!$F$10 -> 0.91461333 | E7: =ROUND(D7,4)-C7 -> 0.1009 | F7: =(ROUND(D7,4)-C7)/C7 -> 0.12400147
B8: Context Precision | C8: 0.7 | D8: ='4.10 Skor Akhir'!$F$11 -> 0.79907778 | E8: =ROUND(D8,4)-C8 -> 0.0991 | F8: =(ROUND(D8,4)-C8)/C8 -> 0.14157143
B9: Faithfulness | C9: 0.9924 | D9: ='4.10 Skor Akhir'!$F$9 -> 0.98120606 | E9: =ROUND(D9,4)-C9 -> -0.0112 | F9: =(ROUND(D9,4)-C9)/C9 -> -0.011285772
B11: Hasil: Answer Relevancy +12,40% · Context Precision +14,16% · Faithfulness −1,13% (tetap Sangat Baik).

Sheet 4.4 Black Box (Terpisah)
A1: KELOMPOK TERPISAH — PENGUJIAN FUNGSIONAL (TIDAK BERKORELASI DENGAN ALUR KUALITAS RAGAS)
A2: Persamaan (4.4) — Tingkat Keberhasilan Black Box Testing
A6: INPUT
B7: Σ skenario berhasil | C7: 17
B8: Σ total skenario (dari PARAMETER) | C8: =PARAMETER!$C$16 -> 17
A10: PERHITUNGAN
B11: Tingkat Keberhasilan = 17 / 17 × 100% | E11: =C7/C8 -> 1
B13: Sheet ini sengaja dipisah karena menguji fungsi sistem, bukan kualitas jawaban, sehingga tidak masuk rantai data RAGAS.
